Temperature,Time
24.984375,15:48:18
24.96875,15:48:22
24.96875,15:48:27
24.984375,15:48:32
24.96875,15:48:36
