Temperature,Reading #
24.984375,1
25.0,2
25.0,3
25.015625,4
25.015625,5
